,name,att_wins,att_draws,att_losses,def_wins,def_draws,def_losses
141,aerodactyl,239,284,126,298,175,176
566,archeops,239,284,126,298,175,176
565,archen,239,284,126,298,175,176
247,tyranitar,229,278,142,256,144,249
224,delibird,226,217,206,170,344,135
143,articuno,226,217,206,170,344,135
285,breloom,220,107,322,244,178,227
639,virizion,220,107,322,244,178,227
144,zapdos,219,280,150,292,312,45
586,emolga,219,280,150,292,312,45
641,thundurus,219,280,150,292,312,45
425,drifblim,218,227,204,326,189,134
424,drifloon,218,227,204,326,189,134
607,lampent,216,148,285,328,148,173
608,chandelure,216,148,285,328,148,173
622,golurk,216,196,237,293,151,205
621,golett,216,196,237,293,151,205
606,litwick,216,148,285,328,148,173
460,weavile,212,230,207,151,299,199
214,sneasel,212,230,207,151,299,199
237,smoochum,210,197,242,85,343,221
123,jynx,210,197,242,85,343,221
336,lunatone,207,274,168,205,184,260
638,terrakion,207,232,210,222,166,261
337,solrock,207,274,168,205,184,260
37,ninetales,206,269,174,147,297,205
36,vulpix,206,269,174,147,297,205
227,houndour,204,211,234,242,234,173
228,houndoom,204,211,234,242,234,173
218,magcargo,202,245,202,272,173,204
477,froslass,200,191,258,243,260,146
552,krookodile,198,242,209,208,208,233
646,keldeo,198,152,299,258,205,186
61,poliwrath,198,152,299,258,205,186
551,krokorok,198,242,209,208,208,233
550,sandile,198,242,209,208,208,233
213,heracross,193,196,260,214,254,181
478,rotom,190,183,276,314,245,90
412,wormadam,189,163,297,251,187,211
347,armaldo,189,285,175,142,333,174
541,leavanny,189,163,297,251,187,211
46,parasect,189,163,297,251,187,211
140,kabutops,189,248,212,241,224,184
139,kabuto,189,248,212,241,224,184
212,shuckle,189,285,175,142,333,174
368,relicanth,189,248,212,241,224,184
45,paras,189,163,297,251,187,211
556,dwebble,189,285,175,142,333,174
540,swadloon,189,163,297,251,187,211
539,sewaddle,189,163,297,251,187,211
346,anorith,189,285,175,142,333,174
221,corsola,189,248,212,241,224,184
137,omanyte,189,248,212,241,224,184
557,crustle,189,285,175,142,333,174
564,carracosta,189,248,212,241,224,184
563,tirtouga,189,248,212,241,224,184
138,omastar,189,248,212,241,224,184
546,whimsicott,188,199,262,268,201,180
545,cottonee,188,199,262,268,201,180
617,stunfisk,187,220,242,184,278,187
255,combusken,187,169,293,215,205,229
390,monferno,187,169,293,215,205,229
256,blaziken,187,169,293,215,205,229
499,emboar,187,169,293,215,205,229
391,infernape,187,169,293,215,205,229
498,pignite,187,169,293,215,205,229
429,honchkrow,186,325,138,244,299,106
628,vullaby,186,325,138,244,299,106
629,mandibuzz,186,325,138,244,299,106
197,murkrow,186,325,138,244,299,106
388,torterra,185,256,208,113,351,185
226,skarmory,184,262,203,430,152,67
612,cubchoo,183,292,174,31,464,154
470,glaceon,183,292,174,31,464,154
583,vanilluxe,183,292,174,31,464,154
361,glalie,183,292,174,31,464,154
377,regice,183,292,174,31,464,154
581,vanillite,183,292,174,31,464,154
582,vanillish,183,292,174,31,464,154
613,beartic,183,292,174,31,464,154
360,snorunt,183,292,174,31,464,154
614,cryogonal,183,292,174,31,464,154
645,kyurem,183,268,198,191,321,137
194,quagsire,182,208,259,200,374,75
422,gastrodon,182,208,259,200,374,75
259,swampert,182,208,259,200,374,75
258,marshtomp,182,208,259,200,374,75
535,palpitoad,182,208,259,200,374,75
536,seismitoad,182,208,259,200,374,75
338,barboach,182,208,259,200,374,75
339,whiscash,182,208,259,200,374,75
342,baltoy,182,220,247,176,227,246
343,claydol,182,220,247,176,227,246
193,wooper,182,208,259,200,374,75
184,sudowoodo,180,364,105,200,203,246
407,cranidos,180,364,105,200,203,246
408,rampardos,180,364,105,200,203,246
437,bonsly,180,364,105,200,203,246
376,regirock,180,364,105,200,203,246
524,boldore,180,364,105,200,203,246
298,nosepass,180,364,105,200,203,246
523,roggenrola,180,364,105,200,203,246
525,gigalith,180,364,105,200,203,246
591,frillish,178,193,278,374,163,112
592,jellicent,178,193,278,374,163,112
493,victini,177,199,273,214,246,189
175,togetic,176,311,162,253,271,125
467,togekiss,176,311,162,253,271,125
383,rayquaza,175,350,124,327,237,85
249,ho-oh,175,248,226,267,235,147
333,altaria,175,350,124,327,237,85
145,moltres,175,248,226,267,235,147
635,larvesta,175,182,292,189,274,186
636,volcarona,175,182,292,189,274,186
148,dragonite,175,350,124,327,237,85
5,charizard,175,248,226,267,235,147
372,salamence,175,350,124,327,237,85
475,probopass,172,265,212,348,146,155
305,aggron,172,265,212,348,146,155
410,bastiodon,172,265,212,348,146,155
409,shieldon,172,265,212,348,146,155
304,lairon,172,265,212,348,146,155
303,aron,172,265,212,348,146,155
331,cacturne,170,191,288,285,164,200
94,onix,170,281,198,253,142,254
463,rhyperior,170,281,198,253,142,254
273,nuzleaf,170,191,288,285,164,200
75,golem,170,281,198,253,142,254
274,shiftry,170,191,288,285,164,200
73,geodude,170,281,198,253,142,254
246,pupitar,170,281,198,253,142,254
110,rhyhorn,170,281,198,253,142,254
111,rhydon,170,281,198,253,142,254
74,graveler,170,281,198,253,142,254
245,larvitar,170,281,198,253,142,254
177,xatu,169,284,196,219,282,148
236,hitmontop,169,269,211,126,385,138
235,tyrogue,169,269,211,126,385,138
248,lugia,169,284,196,219,282,148
527,swoobat,169,284,196,219,282,148
176,natu,169,284,196,219,282,148
446,riolu,169,269,211,126,385,138
531,timburr,169,269,211,126,385,138
560,sigilyph,169,284,196,219,282,148
526,woobat,169,284,196,219,282,148
295,makuhita,169,269,211,126,385,138
65,machop,169,269,211,126,385,138
538,sawk,169,269,211,126,385,138
67,machamp,169,269,211,126,385,138
618,mienfoo,169,269,211,126,385,138
66,machoke,169,269,211,126,385,138
56,primeape,169,269,211,126,385,138
296,hariyama,169,269,211,126,385,138
106,hitmonchan,169,269,211,126,385,138
105,hitmonlee,169,269,211,126,385,138
55,mankey,169,269,211,126,385,138
533,conkeldurr,169,269,211,126,385,138
619,mienshao,169,269,211,126,385,138
532,gurdurr,169,269,211,126,385,138
537,throh,169,269,211,126,385,138
277,wingull,166,310,173,292,302,55
129,gyarados,166,310,173,292,302,55
278,pelipper,166,310,173,292,302,55
580,swanna,166,310,173,292,302,55
579,ducklett,166,310,173,292,302,55
225,mantine,166,310,173,292,302,55
457,mantyke,166,310,173,292,302,55
328,vibrava,165,305,179,188,380,81
341,crawdaunt,165,251,233,286,188,175
329,flygon,165,305,179,188,380,81
447,lucario,165,131,353,369,189,91
637,cobalion,165,131,353,369,189,91
442,gible,165,305,179,188,380,81
317,carvanha,165,251,233,286,188,175
318,sharpedo,165,251,233,286,188,175
443,gabite,165,305,179,188,380,81
484,heatran,165,275,209,389,115,145
444,garchomp,165,305,179,188,380,81
156,typhlosion,162,296,191,200,298,151
497,tepig,162,296,191,200,298,151
389,chimchar,162,296,191,200,298,151
155,quilava,162,296,191,200,298,151
154,cyndaquil,162,296,191,200,298,151
414,combee,162,247,240,201,264,184
468,yanmega,162,247,240,201,264,184
290,ninjask,162,247,240,201,264,184
553,darumaka,162,296,191,200,298,151
554,darmanitan,162,296,191,200,298,151
11,butterfree,162,247,240,201,264,184
283,masquerain,162,247,240,201,264,184
217,slugma,162,296,191,200,298,151
513,simisear,162,296,191,200,298,151
512,pansear,162,296,191,200,298,151
4,charmeleon,162,296,191,200,298,151
3,charmander,162,296,191,200,298,151
57,growlithe,162,296,191,200,298,151
266,beautifly,162,247,240,201,264,184
58,arcanine,162,296,191,200,298,151
466,magmortar,162,296,191,200,298,151
76,ponyta,162,296,191,200,298,151
254,torchic,162,296,191,200,298,151
165,ledian,162,247,240,201,264,184
630,heatmor,162,296,191,200,298,151
323,torkoal,162,296,191,200,298,151
122,scyther,162,247,240,201,264,184
164,ledyba,162,247,240,201,264,184
413,mothim,162,247,240,201,264,184
415,vespiquen,162,247,240,201,264,184
243,entei,162,296,191,200,298,151
239,magby,162,296,191,200,298,151
77,rapidash,162,296,191,200,298,151
192,yanma,162,247,240,201,264,184
135,flareon,162,296,191,200,298,151
125,magmar,162,296,191,200,298,151
230,phanpy,161,334,154,116,356,177
449,hippowdon,161,334,154,116,356,177
448,hippopotas,161,334,154,116,356,177
528,drilbur,161,334,154,116,356,177
231,donphan,161,334,154,116,356,177
382,groudon,161,334,154,116,356,177
103,cubone,161,334,154,116,356,177
49,diglett,161,334,154,116,356,177
50,dugtrio,161,334,154,116,356,177
327,trapinch,161,334,154,116,356,177
289,nincada,157,297,195,155,280,214
648,genesect,156,174,319,394,206,49
211,scizor,156,174,319,394,206,49
588,escavalier,156,174,319,394,206,49
204,forretress,156,174,319,394,206,49
631,durant,156,174,319,394,206,49
356,tropius,155,258,236,230,236,183
186,hoppip,155,258,236,230,236,183
187,skiploom,155,258,236,230,236,183
188,jumpluff,155,258,236,230,236,183
180,ampharos,154,320,175,145,452,52
602,eelektrik,154,320,175,145,452,52
24,pikachu,154,320,175,145,452,52
25,raichu,154,320,175,145,452,52
179,flaaffy,154,320,175,145,452,52
178,mareep,154,320,175,145,452,52
171,pichu,154,320,175,145,452,52
522,zebstrika,154,320,175,145,452,52
601,tynamo,154,320,175,145,452,52
404,luxray,154,320,175,145,452,52
603,eelektross,154,320,175,145,452,52
595,galvantula,154,223,272,166,404,79
594,joltik,154,223,272,166,404,79
124,electabuzz,154,320,175,145,452,52
465,electivire,154,320,175,145,452,52
134,jolteon,154,320,175,145,452,52
643,zekrom,154,290,205,316,249,84
403,luxio,154,320,175,145,452,52
238,elekid,154,320,175,145,452,52
309,manectric,154,320,175,145,452,52
308,electrike,154,320,175,145,452,52
99,voltorb,154,320,175,145,452,52
416,pachirisu,154,320,175,145,452,52
100,electrode,154,320,175,145,452,52
521,blitzle,154,320,175,145,452,52
310,plusle,154,320,175,145,452,52
242,raikou,154,320,175,145,452,52
311,minun,154,320,175,145,452,52
402,shinx,154,320,175,145,452,52
168,crobat,153,295,201,260,246,143
559,scrafty,153,284,212,174,359,116
40,zubat,153,295,201,260,246,143
41,golbat,153,295,201,260,246,143
558,scraggy,153,284,212,174,359,116
345,cradily,152,298,199,123,366,160
474,gallade,152,263,234,83,442,124
307,medicham,152,263,234,83,442,124
306,meditite,152,263,234,83,442,124
344,lileep,152,298,199,123,366,160
302,mawile,151,246,252,432,156,61
79,slowbro,150,239,260,257,203,189
120,starmie,150,239,260,257,203,189
198,slowking,150,239,260,257,203,189
78,slowpoke,150,239,260,257,203,189
640,tornadus,150,404,95,213,344,92
397,staraptor,149,362,138,201,357,91
83,doduo,149,362,138,201,357,91
82,farfetch'd,149,362,138,201,357,91
453,toxicroak,149,225,275,221,273,155
452,croagunk,149,225,275,221,273,155
15,pidgey,149,362,138,201,357,91
396,staravia,149,362,138,201,357,91
16,pidgeotto,149,362,138,201,357,91
395,starly,149,362,138,201,357,91
17,pidgeot,149,362,138,201,357,91
20,spearow,149,362,138,201,357,91
520,unfezant,149,362,138,201,357,91
21,fearow,149,362,138,201,357,91
275,taillow,149,362,138,201,357,91
518,pidove,149,362,138,201,357,91
163,noctowl,149,362,138,201,357,91
84,dodrio,149,362,138,201,357,91
440,chatot,149,362,138,201,357,91
162,hoothoot,149,362,138,201,357,91
627,braviary,149,362,138,201,357,91
626,rufflet,149,362,138,201,357,91
519,tranquill,149,362,138,201,357,91
276,swellow,149,362,138,201,357,91
332,swablu,149,362,138,201,357,91
101,exeggcute,148,186,315,261,178,210
102,exeggutor,148,186,315,261,178,210
250,celebi,148,186,315,261,178,210
27,sandslash,146,294,209,77,305,267
26,sandshrew,146,294,209,77,305,267
472,mamoswine,146,294,209,77,305,267
220,piloswine,146,294,209,77,305,267
219,swinub,146,294,209,77,305,267
169,chinchou,142,317,190,258,292,99
170,lanturn,142,317,190,258,292,99
104,marowak,141,316,192,207,295,147
322,camerupt,141,316,192,207,295,147
321,numel,141,316,192,207,295,147
642,reshiram,140,314,195,224,311,114
130,lapras,139,363,147,121,349,179
86,dewgong,139,363,147,121,349,179
364,walrein,139,363,147,121,349,179
363,sealeo,139,363,147,121,349,179
362,spheal,139,363,147,121,349,179
90,cloyster,139,363,147,121,349,179
555,maractus,137,242,270,203,260,186
548,lilligant,137,242,270,203,260,186
511,simisage,137,242,270,203,260,186
510,pansage,137,242,270,203,260,186
547,petilil,137,242,270,203,260,186
190,sunkern,137,242,270,203,260,186
251,treecko,137,242,270,203,260,186
252,grovyle,137,242,270,203,260,186
253,sceptile,137,242,270,203,260,186
181,bellossom,137,242,270,203,260,186
454,carnivine,137,242,270,203,260,186
191,sunflora,137,242,270,203,260,186
386,turtwig,137,242,270,203,260,186
373,beldum,137,234,278,377,177,95
387,grotle,137,242,270,203,260,186
496,serperior,137,242,270,203,260,186
435,bronzor,137,234,278,377,177,95
436,bronzong,137,234,278,377,177,95
495,servine,137,242,270,203,260,186
113,tangela,137,242,270,203,260,186
284,shroomish,137,242,270,203,260,186
494,snivy,137,242,270,203,260,186
420,cherrim,137,242,270,203,260,186
375,metagross,137,234,278,377,177,95
374,metang,137,234,278,377,177,95
464,tangrowth,137,242,270,203,260,186
419,cherubi,137,242,270,203,260,186
272,seedot,137,242,270,203,260,186
151,chikorita,137,242,270,203,260,186
152,bayleef,137,242,270,203,260,186
384,jirachi,137,234,278,377,177,95
330,cacnea,137,242,270,203,260,186
153,meganium,137,242,270,203,260,186
469,leafeon,137,242,270,203,260,186
491,shaymin,137,242,270,203,260,186
644,landorus,132,435,82,230,305,114
206,gligar,132,435,82,230,305,114
471,gliscor,132,435,82,230,305,114
461,magnezone,128,284,237,443,97,109
81,magneton,128,284,237,443,97,109
80,magnemite,128,284,237,443,97,109
268,dustox,125,234,290,164,284,201
13,kakuna,125,234,290,164,284,201
544,scolipede,125,234,290,164,284,201
543,whirlipede,125,234,290,164,284,201
166,spinarak,125,234,290,164,284,201
542,venipede,125,234,290,164,284,201
48,venomoth,125,234,290,164,284,201
47,venonat,125,234,290,164,284,201
14,beedrill,125,234,290,164,284,201
167,ariados,125,234,290,164,284,201
12,weedle,125,234,290,164,284,201
450,skorupi,125,234,290,164,284,201
182,marill,123,320,206,290,243,116
183,azumarill,123,320,206,290,243,116
624,bisharp,121,286,242,414,150,85
623,pawniard,121,286,242,414,150,85
401,kricketune,120,304,225,142,364,143
400,kricketot,120,304,225,142,364,143
584,deerling,120,222,307,221,225,203
203,pineco,120,304,225,142,364,143
126,pinsir,120,304,225,142,364,143
615,shelmet,120,304,225,142,364,143
616,accelgor,120,304,225,142,364,143
411,burmy,120,304,225,142,364,143
587,karrablast,120,304,225,142,364,143
9,caterpie,120,304,225,142,364,143
313,illumise,120,304,225,142,364,143
312,volbeat,120,304,225,142,364,143
264,wurmple,120,304,225,142,364,143
265,silcoon,120,304,225,142,364,143
267,cascoon,120,304,225,142,364,143
10,metapod,120,304,225,142,364,143
585,sawsbuck,120,222,307,221,225,203
98,kingler,115,352,182,206,341,102
119,staryu,115,352,182,206,341,102
115,horsea,115,352,182,206,341,102
118,seaking,115,352,182,206,341,102
421,shellos,115,352,182,206,341,102
116,seadra,115,352,182,206,341,102
117,goldeen,115,352,182,206,341,102
500,oshawott,115,352,182,206,341,102
59,poliwag,115,352,182,206,341,102
97,krabby,115,352,182,206,341,102
89,shellder,115,352,182,206,341,102
85,seel,115,352,182,206,341,102
60,poliwhirl,115,352,182,206,341,102
128,magikarp,115,352,182,206,341,102
54,golduck,115,352,182,206,341,102
53,psyduck,115,352,182,206,341,102
8,blastoise,115,352,182,206,341,102
7,wartortle,115,352,182,206,341,102
455,finneon,115,352,182,206,341,102
456,lumineon,115,352,182,206,341,102
6,squirtle,115,352,182,206,341,102
593,alomomola,115,352,182,206,341,102
157,totodile,115,352,182,206,341,102
418,floatzel,115,352,182,206,341,102
417,buizel,115,352,182,206,341,102
257,mudkip,115,352,182,206,341,102
381,kyogre,115,352,182,206,341,102
534,tympole,115,352,182,206,341,102
319,wailmer,115,352,182,206,341,102
320,wailord,115,352,182,206,341,102
515,simipour,115,352,182,206,341,102
340,corphish,115,352,182,206,341,102
348,feebas,115,352,182,206,341,102
349,milotic,115,352,182,206,341,102
369,luvdisc,115,352,182,206,341,102
514,panpour,115,352,182,206,341,102
367,gorebyss,115,352,182,206,341,102
366,huntail,115,352,182,206,341,102
365,clamperl,115,352,182,206,341,102
502,samurott,115,352,182,206,341,102
244,suicune,115,352,182,206,341,102
549,basculin,115,352,182,206,341,102
392,piplup,115,352,182,206,341,102
488,phione,115,352,182,206,341,102
223,octillery,115,352,182,206,341,102
222,remoraid,115,352,182,206,341,102
133,vaporeon,115,352,182,206,341,102
185,politoed,115,352,182,206,341,102
501,dewott,115,352,182,206,341,102
489,manaphy,115,352,182,206,341,102
158,croconaw,115,352,182,206,341,102
159,feraligatr,115,352,182,206,341,102
393,prinplup,115,352,182,206,341,102
93,gengar,114,260,275,287,208,154
92,haunter,114,260,275,287,208,154
91,gastly,114,260,275,287,208,154
282,surskit,113,260,276,207,323,119
483,palkia,112,334,203,191,414,44
291,shedinja,112,253,284,281,234,134
229,kingdra,112,334,203,191,414,44
589,foongus,110,264,275,232,207,210
590,amoonguss,110,264,275,232,207,210
0,bulbasaur,110,264,275,232,207,210
406,roserade,110,264,275,232,207,210
314,roselia,110,264,275,232,207,210
69,weepinbell,110,264,275,232,207,210
68,bellsprout,110,264,275,232,207,210
44,vileplume,110,264,275,232,207,210
43,gloom,110,264,275,232,207,210
1,ivysaur,110,264,275,232,207,210
42,oddish,110,264,275,232,207,210
405,budew,110,264,275,232,207,210
70,victreebel,110,264,275,232,207,210
2,venusaur,110,264,275,232,207,210
597,ferrothorn,109,228,312,476,102,71
596,ferroseed,109,228,312,476,102,71
379,latias,108,390,151,299,199,151
380,latios,108,390,151,299,199,151
207,steelix,108,301,240,375,112,162
529,excadrill,108,301,240,375,112,162
394,empoleon,106,300,243,448,125,76
433,stunky,103,328,218,215,343,91
434,skuntank,103,328,218,215,343,91
451,drapion,103,328,218,215,343,91
486,giratina,102,379,168,421,133,95
633,zweilous,101,428,120,332,189,128
632,deino,101,428,120,332,189,128
634,hydreigon,101,428,120,332,189,128
561,yamask,91,432,126,227,367,55
352,shuppet,91,432,126,227,367,55
441,spiritomb,91,384,174,247,389,13
562,cofagrigus,91,432,126,227,367,55
353,banette,91,432,126,227,367,55
354,duskull,91,432,126,227,367,55
301,sableye,91,384,174,247,389,13
199,misdreavus,91,432,126,227,367,55
476,dusknoir,91,432,126,227,367,55
428,mismagius,91,432,126,227,367,55
355,dusclops,91,432,126,227,367,55
174,togepi,88,438,123,143,439,67
271,ludicolo,88,312,249,180,317,152
172,cleffa,88,438,123,143,439,67
34,clefairy,88,438,123,143,439,67
270,lombre,88,312,249,180,317,152
269,lotad,88,312,249,180,317,152
209,granbull,88,438,123,143,439,67
35,clefable,88,438,123,143,439,67
208,snubbull,88,438,123,143,439,67
578,reuniclus,85,429,135,102,420,127
150,mew,85,429,135,102,420,127
195,espeon,85,429,135,102,420,127
577,duosion,85,429,135,102,420,127
576,solosis,85,429,135,102,420,127
575,gothitelle,85,429,135,102,420,127
574,gothorita,85,429,135,102,420,127
573,gothita,85,429,135,102,420,127
570,zoroark,85,471,93,133,403,113
569,zorua,85,471,93,133,403,113
196,umbreon,85,471,93,133,403,113
261,mightyena,85,471,93,133,403,113
260,poochyena,85,471,93,133,403,113
200,unown,85,429,135,102,420,127
201,wobbuffet,85,429,135,102,420,127
149,mewtwo,85,429,135,102,420,127
324,spoink,85,429,135,102,420,127
325,grumpig,85,429,135,102,420,127
359,wynaut,85,429,135,102,420,127
30,nidoqueen,85,338,226,171,277,201
33,nidoking,85,338,226,171,277,201
432,chingling,85,429,135,102,420,127
479,uxie,85,429,135,102,420,127
480,mesprit,85,429,135,102,420,127
481,azelf,85,429,135,102,420,127
487,cresselia,85,429,135,102,420,127
490,darkrai,85,471,93,133,403,113
517,musharna,85,429,135,102,420,127
62,abra,85,429,135,102,420,127
63,kadabra,85,429,135,102,420,127
385,deoxys,85,429,135,102,420,127
358,absol,85,471,93,133,403,113
96,hypno,85,429,135,102,420,127
516,munna,85,429,135,102,420,127
604,elgyem,85,429,135,102,420,127
605,beheeyem,85,429,135,102,420,127
357,chimecho,85,429,135,102,420,127
95,drowzee,85,429,135,102,420,127
509,liepard,85,471,93,133,403,113
508,purrloin,85,471,93,133,403,113
64,alakazam,85,429,135,102,420,127
39,wigglytuff,83,379,187,133,448,68
173,igglybuff,83,379,187,133,448,68
38,jigglypuff,83,379,187,133,448,68
297,azurill,83,379,187,133,448,68
202,girafarig,81,369,199,95,451,103
647,meloetta,81,369,199,95,451,103
482,dialga,80,344,225,474,120,55
399,bibarel,80,323,246,217,303,129
459,abomasnow,79,371,199,185,232,232
458,snover,79,371,199,185,232,232
600,klinklang,76,372,201,408,155,86
598,klink,76,372,201,408,155,86
599,klang,76,372,201,408,155,86
378,registeel,76,372,201,408,155,86
29,nidorina,75,389,185,160,379,110
31,nidoran♂,75,389,185,160,379,110
32,nidorino,75,389,185,160,379,110
315,gulpin,75,389,185,160,379,110
87,grimer,75,389,185,160,379,110
88,muk,75,389,185,160,379,110
335,seviper,75,389,185,160,379,110
108,koffing,75,389,185,160,379,110
28,nidoran♀,75,389,185,160,379,110
23,arbok,75,389,185,160,379,110
22,ekans,75,389,185,160,379,110
316,swalot,75,389,185,160,379,110
109,weezing,75,389,185,160,379,110
568,garbodor,75,389,185,160,379,110
567,trubbish,75,389,185,160,379,110
210,qwilfish,63,346,240,272,262,115
72,tentacruel,63,346,240,272,262,115
71,tentacool,63,346,240,272,262,115
121,mr. mime,58,420,171,126,417,106
280,kirlia,58,420,171,126,417,106
279,ralts,58,420,171,126,417,106
281,gardevoir,58,420,171,126,417,106
438,mime jr.,58,420,171,126,417,106
52,persian,52,414,183,134,400,115
51,meowth,52,414,183,134,400,115
19,raticate,52,414,183,134,400,115
18,rattata,52,414,183,134,400,115
370,bagon,28,564,57,249,335,65
371,shelgon,28,564,57,249,335,65
610,fraxure,28,564,57,249,335,65
609,axew,28,564,57,249,335,65
620,druddigon,28,564,57,249,335,65
611,haxorus,28,564,57,249,335,65
146,dratini,28,564,57,249,335,65
147,dragonair,28,564,57,249,335,65
127,tauros,0,544,105,27,582,40
431,purugly,0,544,105,27,582,40
294,exploud,0,544,105,27,582,40
625,bouffalant,0,544,105,27,582,40
241,blissey,0,544,105,27,582,40
492,arceus,0,544,105,27,582,40
398,bidoof,0,544,105,27,582,40
485,regigigas,0,544,105,27,582,40
423,ambipom,0,544,105,27,582,40
426,buneary,0,544,105,27,582,40
427,lopunny,0,544,105,27,582,40
473,porygon-z,0,544,105,27,582,40
430,glameow,0,544,105,27,582,40
240,miltank,0,544,105,27,582,40
293,loudred,0,544,105,27,582,40
530,audino,0,544,105,27,582,40
234,smeargle,0,544,105,27,582,40
439,happiny,0,544,105,27,582,40
233,stantler,0,544,105,27,582,40
232,porygon2,0,544,105,27,582,40
205,dunsparce,0,544,105,27,582,40
216,ursaring,0,544,105,27,582,40
292,whismur,0,544,105,27,582,40
288,slaking,0,544,105,27,582,40
445,munchlax,0,544,105,27,582,40
462,lickilicky,0,544,105,27,582,40
189,aipom,0,544,105,27,582,40
299,skitty,0,544,105,27,582,40
131,ditto,0,544,105,27,582,40
300,delcatty,0,544,105,27,582,40
114,kangaskhan,0,544,105,27,582,40
326,spinda,0,544,105,27,582,40
334,zangoose,0,544,105,27,582,40
132,eevee,0,544,105,27,582,40
136,porygon,0,544,105,27,582,40
142,snorlax,0,544,105,27,582,40
112,chansey,0,544,105,27,582,40
215,teddiursa,0,544,105,27,582,40
350,castform,0,544,105,27,582,40
107,lickitung,0,544,105,27,582,40
351,kecleon,0,544,105,27,582,40
507,stoutland,0,544,105,27,582,40
571,minccino,0,544,105,27,582,40
572,cinccino,0,544,105,27,582,40
287,vigoroth,0,544,105,27,582,40
263,linoone,0,544,105,27,582,40
262,zigzagoon,0,544,105,27,582,40
160,sentret,0,544,105,27,582,40
161,furret,0,544,105,27,582,40
506,herdier,0,544,105,27,582,40
505,lillipup,0,544,105,27,582,40
504,watchog,0,544,105,27,582,40
503,patrat,0,544,105,27,582,40
286,slakoth,0,544,105,27,582,40
